"","zipcode","sex","under_5","5_to_9","10_to_14","15_to_17","18_and_19","20","21","22_to_24","25_to_29","30_to_34","35_to_39","40_to_44","45_to_49","50_to_54","55_to_59","60_and_61","62_to_64","65_and_66","67_to_69","70_to_74","75_to_79","80_to_84","85_and_over"
"1",10001,"male",336,240,240,155,212,121,136,618,1309,1150,935,904,864,723,669,220,286,155,183,263,199,151,115
"2",10002,"male",1907,1822,1883,1224,910,498,562,1938,3649,3274,2876,2654,2685,2662,2455,932,1099,594,797,1422,1180,825,722
"3",10003,"male",689,468,342,235,2164,912,665,1781,3810,3180,2317,1865,1691,1471,1435,539,734,396,478,595,416,306,261
"4",10004,"male",111,57,17,18,12,12,16,129,278,262,198,146,97,83,62,21,32,12,15,16,9,3,4
"5",10005,"male",115,43,26,14,13,16,54,451,973,713,396,235,167,98,64,22,15,8,9,7,1,1,2
"6",10006,"male",39,14,22,5,11,17,23,198,408,305,194,93,69,40,41,16,8,2,6,5,1,2,0
"7",10007,"male",319,166,82,29,24,28,38,169,432,648,663,490,305,200,154,41,53,24,31,28,18,10,6
"8",10009,"male",1062,974,1067,673,554,416,500,2258,4172,2879,2084,2011,1995,1879,1689,593,722,379,567,753,514,352,340
"9",10010,"male",534,304,267,154,505,388,288,953,2301,1800,1235,1046,930,894,786,334,431,245,300,362,290,195,213
"10",10011,"male",919,594,455,284,477,195,168,869,2679,3190,2703,2757,2540,2152,1674,603,886,476,597,700,497,348,235
"11",10012,"male",420,265,238,159,119,128,120,762,2016,1562,1159,863,757,615,689,266,351,194,282,353,268,145,109
"12",10013,"male",772,616,450,239,217,274,268,641,1426,1368,1315,1204,1067,939,876,387,379,216,274,373,264,228,158
"13",10014,"male",533,371,275,145,102,106,124,595,2166,2115,1640,1393,1308,1092,994,338,512,314,371,436,338,213,150
"14",10016,"male",887,456,354,187,138,122,142,2566,4882,3289,2293,1675,1512,1333,1249,473,640,338,475,657,487,358,301
"15",10017,"male",266,125,82,64,18,21,30,565,1218,1023,677,527,485,463,433,202,268,156,218,253,174,127,90
"16",10018,"male",57,39,46,25,47,29,52,233,497,353,353,287,224,160,128,40,51,26,38,43,44,20,3
"17",10019,"male",775,376,350,235,180,109,111,1296,3065,3077,2225,1836,1582,1335,1218,476,624,329,483,607,502,342,246
"18",10021,"male",1230,808,607,281,109,73,84,597,2040,2136,1514,1353,1101,1131,1055,453,728,407,597,843,761,558,428
"19",10022,"male",596,371,269,130,158,49,44,535,1485,1394,1169,980,954,935,1032,406,670,368,571,761,700,519,391
"20",10023,"male",1711,1050,815,477,477,225,193,840,2383,2888,2484,2190,1970,1891,1758,791,981,588,828,1020,834,693,491
"21",10024,"male",1827,1304,1060,617,270,128,114,735,2195,2434,2229,2330,2063,1939,2023,757,1089,666,854,980,777,578,467
"22",10025,"male",2232,1857,1710,1150,811,826,747,2314,4162,3504,3263,3040,3132,3183,3022,1094,1427,818,1126,1444,1081,735,613
"23",10026,"male",962,975,993,583,440,231,234,802,1491,1397,1286,1424,1269,1180,840,289,313,185,231,326,172,166,88
"24",10027,"male",1539,1447,1468,1042,1504,676,607,2021,3176,2382,1741,1885,1793,1660,1351,459,602,343,412,543,352,249,213
"25",10028,"male",1092,918,802,454,154,83,72,791,2268,2025,1544,1495,1381,1307,1161,484,712,461,628,775,626,431,297
"26",10029,"male",2362,2269,2438,1735,1231,653,641,2236,3496,2840,2358,2137,2252,1957,1541,616,733,425,618,818,641,459,352
"27",10030,"male",862,825,887,631,412,207,212,648,1113,992,831,989,926,879,681,183,272,160,213,265,186,101,85
"28",10031,"male",1553,1492,1558,1187,898,508,553,1870,3070,2478,2063,2006,1875,1634,1392,493,631,349,425,613,406,228,209
"29",10032,"male",1581,1379,1529,1139,900,457,482,1913,3087,2334,1878,1952,1865,1709,1533,590,651,347,526,714,498,354,241
"30",10033,"male",1532,1299,1410,1057,919,681,690,1860,2525,2152,1872,1891,1775,1641,1461,538,701,381,491,610,423,323,229
"31",10034,"male",1210,1030,1107,760,527,258,273,945,1643,1572,1447,1449,1282,1237,1130,405,457,262,318,414,258,174,102
"32",10035,"male",1063,992,1088,757,603,315,333,895,1516,1351,1248,1260,1341,1164,904,279,358,199,271,437,296,194,150
"33",10036,"male",339,232,185,133,117,103,118,933,2068,1846,1374,1215,1202,1073,874,301,423,205,237,340,220,161,87
"34",10037,"male",424,434,478,307,219,105,111,359,611,522,461,521,528,488,380,171,203,127,184,228,169,122,155
"35",10038,"male",404,296,293,171,385,186,153,900,1483,1012,726,571,511,436,404,183,214,112,145,226,222,183,194
"36",10039,"male",856,873,817,593,379,198,205,561,879,834,789,824,797,676,457,164,186,129,154,234,169,110,108
"37",10040,"male",1257,988,1138,796,572,333,297,1083,1735,1596,1480,1399,1385,1273,1127,381,544,252,334,500,315,280,261
"38",10044,"male",312,195,234,166,96,59,39,229,510,550,420,415,450,388,485,174,217,111,153,183,129,116,79
"39",10065,"male",904,554,370,191,111,49,59,496,1518,1628,1244,1040,965,839,850,333,520,307,450,610,581,393,348
"40",10069,"male",239,126,50,33,13,7,11,65,221,347,374,221,186,121,126,41,66,37,51,51,27,23,15
"41",10075,"male",641,560,437,203,73,40,53,418,1048,1148,869,856,791,670,689,268,476,233,365,482,361,294,230
"42",10128,"male",1585,1244,1046,607,317,166,174,1313,3223,2872,2241,2022,1908,1656,1570,578,924,470,683,882,631,423,341
"43",10280,"male",295,167,107,66,22,10,12,123,395,497,517,389,287,263,206,93,85,49,51,57,35,34,26
"44",10282,"male",348,110,61,27,11,1,7,68,229,417,379,244,134,93,62,21,28,7,10,14,9,10,41
"45",10301,"male",1287,1201,1203,765,679,383,365,845,1486,1321,1290,1294,1464,1428,1295,440,589,317,393,498,324,230,182
"46",10302,"male",733,740,755,483,342,150,146,504,791,687,644,704,657,604,518,194,236,111,127,166,140,104,69
"47",10303,"male",1027,1017,1204,738,456,248,213,558,934,784,867,951,921,860,625,207,253,125,178,183,128,80,68
"48",10304,"male",1403,1451,1543,1089,668,348,335,915,1376,1222,1227,1343,1477,1461,1237,451,581,311,371,516,372,282,227
"49",10305,"male",1244,1275,1248,811,508,311,293,812,1479,1392,1477,1509,1602,1595,1401,458,631,326,406,567,439,301,207
"50",10306,"male",1545,1683,1768,1142,700,350,354,1079,1612,1529,1752,1949,2181,2150,1854,661,954,459,611,810,689,490,366
"51",10307,"male",423,518,555,323,197,99,81,289,404,406,520,611,629,553,451,150,170,92,151,127,109,73,50
"52",10308,"male",765,819,920,590,374,182,165,470,799,781,880,989,1012,1068,907,363,469,216,381,429,335,223,151
"53",10309,"male",985,1189,1077,693,393,204,218,705,1123,1113,1262,1373,1399,1321,991,357,472,241,347,369,265,155,100
"54",10310,"male",958,1045,1002,627,384,174,189,529,781,824,757,807,873,898,709,237,331,146,183,232,150,131,91
"55",10312,"male",1712,1861,1931,1276,775,362,380,1100,1765,1739,1984,2131,2214,2129,2025,765,1141,609,834,878,554,369,242
"56",10314,"male",2502,2523,2688,1765,1107,517,576,1629,2700,2729,2711,2775,3003,3091,2890,1125,1564,796,1090,1229,937,606,586
"57",10451,"male",1822,1637,1651,1193,874,375,410,1045,1566,1347,1170,1348,1323,1120,956,342,470,251,394,555,340,217,161
"58",10452,"male",3291,3040,3043,2006,1372,660,621,1769,2665,2534,2464,2544,2450,2133,1677,576,721,374,464,566,313,164,113
"59",10453,"male",3379,3166,3191,2162,1544,771,670,1946,2749,2418,2279,2474,2562,2253,1773,609,700,381,441,510,276,177,93
"60",10454,"male",1578,1584,1562,1108,785,408,376,993,1398,1271,1027,1073,1038,935,688,239,354,215,253,360,231,145,103
"61",10455,"male",1700,1676,1599,1092,787,390,349,983,1476,1350,1213,1240,1154,1003,777,251,388,207,287,373,258,140,86
"62",10456,"male",3789,3674,3718,2490,1621,807,737,1892,2766,2507,2495,2704,2793,2466,1873,639,781,450,525,718,440,209,191
"63",10457,"male",3292,2996,2942,1956,1250,591,571,1595,2427,2165,2011,2215,2218,1994,1512,490,561,326,424,592,365,208,136
"64",10458,"male",3255,3162,3146,1949,2076,1068,1066,2204,3198,2726,2535,2457,2410,2193,1693,574,642,369,423,543,365,225,153
"65",10459,"male",2120,2026,2015,1307,878,443,419,1166,1724,1443,1279,1458,1383,1267,1014,329,430,242,340,422,247,169,112
"66",10460,"male",2471,2428,2411,1636,1114,512,502,1326,1879,1708,1672,1750,1754,1493,1151,381,519,296,405,492,293,186,117
"67",10461,"male",1491,1435,1439,893,569,287,326,1160,2025,1978,1729,1739,1818,1622,1390,563,602,379,542,667,573,444,389
"68",10462,"male",2673,2561,2386,1595,1015,522,494,1509,2906,2863,2683,2680,2575,2395,1988,690,845,510,580,757,558,368,322
"69",10463,"male",2216,1800,1822,1197,757,504,489,1316,2241,2288,2078,2064,2016,1917,1850,741,1012,529,670,999,740,647,754
"70",10464,"male",103,122,140,61,46,17,15,61,93,110,139,170,214,190,171,65,112,55,67,96,70,45,46
"71",10465,"male",1205,1211,1326,841,999,577,397,840,1183,1213,1268,1478,1424,1430,1156,432,626,340,466,597,503,388,286
"72",10466,"male",2331,2413,2615,1765,1139,547,467,1431,2066,1761,1711,1991,2118,2054,1694,683,838,466,618,680,535,304,233
"73",10467,"male",3663,3603,3371,2234,1497,794,737,2082,3819,3447,3047,3161,3169,2858,2267,833,1068,552,701,952,659,395,409
"74",10468,"male",3175,2806,2786,1845,1440,662,677,1900,3139,2595,2390,2403,2426,2203,1710,616,722,364,439,620,418,269,292
"75",10469,"male",2123,2195,2262,1611,1024,442,443,1333,2069,1789,1646,2058,2323,2030,1774,633,868,548,693,900,658,553,447
"76",10470,"male",461,442,438,290,190,90,94,306,667,573,520,486,577,478,382,149,167,101,130,213,177,112,93
"77",10471,"male",588,518,478,288,534,214,149,318,559,618,638,659,685,705,712,287,385,228,269,365,348,324,403
"78",10472,"male",2681,2515,2553,1697,1260,549,626,1693,2672,2263,2099,2140,2039,1903,1507,544,678,404,510,657,456,268,194
"79",10473,"male",1907,2081,2426,1641,1107,553,471,1272,1691,1481,1554,1703,1667,1518,1331,498,737,406,513,672,456,266,207
"80",10474,"male",508,520,501,342,270,152,146,439,563,493,461,430,413,359,237,76,100,40,54,83,59,33,21
"81",10475,"male",934,923,1155,790,497,218,243,613,915,945,976,1179,1375,1266,1153,463,647,335,514,783,557,427,350
"82",11004,"male",303,265,308,241,144,82,82,256,441,445,381,379,483,542,559,209,261,133,182,233,193,176,239
"83",11101,"male",712,663,633,421,358,190,168,622,1457,1510,1229,1038,921,803,601,209,288,145,177,236,153,122,86
"84",11102,"male",855,778,815,526,424,216,207,991,2434,2073,1621,1380,1093,967,745,251,330,168,225,348,237,193,163
"85",11103,"male",872,749,743,503,369,200,221,1132,2861,2458,1945,1547,1334,1136,944,331,403,210,293,445,329,214,136
"86",11104,"male",704,588,530,354,278,128,133,544,1407,1562,1329,1207,1021,878,771,261,339,195,227,332,205,149,103
"87",11105,"male",854,665,683,444,298,164,174,964,2477,2101,1635,1337,1199,1133,901,334,452,250,349,507,404,321,235
"88",11106,"male",960,810,796,540,398,207,229,1052,2658,2235,1657,1456,1267,1125,953,349,399,219,335,468,320,249,222
"89",11109,"male",103,26,10,11,3,4,9,101,502,424,264,176,80,66,45,18,21,12,31,12,10,9,2
"90",11201,"male",1611,933,722,444,611,370,294,1067,2708,3166,2674,2101,1626,1296,1266,471,644,347,456,586,447,333,311
"91",11203,"male",2161,2199,2310,1588,1048,516,540,1575,2544,2185,2044,2153,2366,2362,2088,740,1152,678,857,1171,814,490,262
"92",11204,"male",3232,3031,2949,1801,1219,587,568,1802,2940,2698,2482,2161,2423,2430,2202,860,1042,441,604,1014,816,655,557
"93",11205,"male",1955,1534,1238,691,713,439,393,1106,2064,2028,1633,1129,896,778,602,238,313,167,234,296,184,117,81
"94",11206,"male",3545,3252,3254,1944,1395,746,761,2628,4588,3470,2438,2058,1955,1744,1400,526,641,363,486,714,493,252,202
"95",11207,"male",3581,3559,3874,2522,1749,841,767,2263,3084,2597,2463,2656,2774,2596,2006,755,915,547,686,944,589,333,213
"96",11208,"male",3673,3723,3876,2664,1764,902,864,2260,3263,2930,2784,2899,3124,2854,2143,735,1025,530,687,730,460,282,206
"97",11209,"male",2063,1792,1636,996,682,328,329,1371,3087,2968,2748,2563,2538,2308,2083,761,977,503,706,933,782,582,443
"98",11210,"male",2324,2256,2344,1533,981,522,472,1288,2021,1799,1778,1724,1840,1820,1760,685,843,412,522,685,438,350,219
"99",11211,"male",4191,3164,2793,1735,1180,667,727,2765,6314,5184,3619,2417,1979,1819,1755,698,761,299,463,671,514,433,374
"100",11212,"male",3202,3283,3455,2328,1544,737,705,1689,2499,2196,1961,2116,2300,2298,1671,703,806,514,635,870,495,327,194
"101",11213,"male",2460,2196,2312,1481,1064,605,553,1655,2439,1961,1652,1687,1816,1782,1454,515,663,446,494,628,437,295,227
"102",11214,"male",2703,2520,2436,1539,1111,577,590,2083,3445,3360,3120,2920,3079,3041,2693,1045,1359,705,828,1370,1089,906,739
"103",11215,"male",2220,1523,1192,711,359,184,200,1152,3519,3992,3393,2606,2046,1777,1620,542,703,382,483,561,435,261,222
"104",11216,"male",1567,1350,1476,937,701,388,396,1454,2770,2382,2004,1873,1732,1677,1305,452,556,354,384,575,356,227,201
"105",11217,"male",1067,743,685,453,266,107,140,630,2022,2340,1955,1362,1145,940,771,307,435,209,262,339,240,144,126
"106",11218,"male",3151,2894,2687,1673,1056,525,534,1741,3268,3032,2899,2545,2394,2440,2053,719,930,420,509,728,525,428,319
"107",11219,"male",5942,4765,3833,2207,1405,788,780,2460,3614,3277,2683,2201,2184,2259,2127,914,1021,351,466,763,642,654,756
"108",11220,"male",3952,3423,3119,1975,1540,852,899,2827,5112,4574,4013,3530,3352,2987,2409,920,1080,563,733,955,728,440,325
"109",11221,"male",2724,2665,2830,1854,1273,655,632,2072,3556,3020,2548,2637,2557,2298,1788,663,809,439,575,712,443,267,188
"110",11222,"male",698,488,526,377,294,166,207,1048,3129,2910,1787,1223,1104,1201,1043,365,459,230,254,343,221,200,142
"111",11223,"male",2765,2511,2475,1583,1115,554,551,1873,2990,2667,2522,2382,2430,2497,2299,916,1195,527,741,1266,954,762,609
"112",11224,"male",1160,1157,1354,959,667,347,357,911,1249,1062,1008,1090,1230,1401,1432,580,983,377,585,1128,770,669,644
"113",11225,"male",1837,1651,1669,1101,707,328,387,1339,2416,2100,1808,1695,1679,1668,1464,525,645,405,477,620,431,269,195
"114",11226,"male",3443,3222,3235,2162,1518,777,725,2304,3866,3495,3074,3034,3062,3038,2709,988,1133,716,769,947,613,354,269
"115",11228,"male",1154,1211,1240,798,492,245,290,828,1410,1345,1462,1497,1557,1477,1283,524,640,359,449,607,551,438,356
"116",11229,"male",2331,2364,2347,1573,1051,556,562,1675,2542,2394,2349,2325,2678,2776,2742,1105,1406,636,795,1337,1013,756,660
"117",11230,"male",3631,3070,3011,1915,1273,682,631,2001,3351,2775,2456,2435,2393,2580,2475,982,1273,617,731,1238,845,831,741
"118",11231,"male",1246,849,750,483,285,127,141,521,1418,2034,1821,1456,1058,800,707,264,338,208,265,322,218,168,105
"119",11232,"male",1048,923,738,513,400,223,286,1063,1997,1767,1513,1225,1037,836,651,212,236,128,141,226,137,85,53
"120",11233,"male",2600,2548,2520,1648,1129,555,504,1436,2194,1957,1843,2061,2156,1856,1426,500,617,353,466,598,404,237,176
"121",11234,"male",2653,2758,2837,1801,1126,634,560,1765,2603,2440,2584,2568,2801,3006,2773,981,1500,752,874,1150,839,620,604
"122",11235,"male",2076,1805,1721,1157,828,431,478,1636,2643,2483,2383,2368,2656,2763,2652,1161,1738,623,901,1659,1167,1086,1051
"123",11236,"male",2777,2917,3229,2306,1463,791,723,1976,2879,2635,2465,2541,2930,3121,2599,977,1173,631,783,928,625,411,359
"124",11237,"male",1940,1738,1634,1039,799,495,538,2015,3337,2711,2171,1840,1511,1248,959,308,412,243,235,337,221,145,73
"125",11238,"male",1414,1000,892,593,382,227,269,1161,2847,2958,2436,1826,1475,1286,1117,399,539,280,351,465,338,234,178
"126",11239,"male",318,339,405,276,166,91,82,223,326,262,245,243,269,277,262,121,122,92,143,335,263,202,144
"127",11354,"male",1278,1083,1048,808,573,304,307,1149,1901,1918,1895,1820,2141,2125,1808,702,869,467,694,948,734,498,585
"128",11355,"male",2145,2113,1919,1325,1016,653,653,1919,3208,3014,3140,3393,3679,3510,2819,973,1143,639,879,1148,892,657,596
"129",11356,"male",809,699,739,443,306,158,144,516,857,944,882,881,901,774,716,262,302,157,201,287,196,148,102
"130",11357,"male",1027,978,1007,642,364,191,183,601,1032,1174,1204,1296,1450,1414,1241,494,688,412,581,852,700,542,501
"131",11358,"male",987,972,1009,618,438,219,251,709,1326,1332,1334,1302,1384,1471,1299,484,653,338,476,584,435,341,258
"132",11360,"male",437,390,383,271,124,68,77,224,398,503,525,559,603,667,648,269,396,210,295,417,363,399,355
"133",11361,"male",733,702,818,577,350,157,155,513,989,1055,1023,959,1096,1092,961,362,426,230,293,422,322,257,195
"134",11362,"male",407,442,528,319,158,85,79,255,461,522,553,559,627,675,614,245,384,189,238,343,260,275,232
"135",11363,"male",152,202,215,119,63,29,39,110,161,164,181,249,286,295,250,107,141,73,95,158,93,79,61
"136",11364,"male",806,917,1027,693,394,166,198,561,936,901,1052,1228,1370,1386,1257,487,643,319,363,529,417,321,361
"137",11365,"male",1173,1193,1230,843,503,275,286,754,1424,1291,1354,1418,1542,1533,1327,548,665,344,427,543,437,372,439
"138",11366,"male",343,347,361,289,150,102,140,319,434,430,413,376,439,480,515,197,246,124,176,229,152,124,137
"139",11367,"male",1764,1250,1161,718,641,320,326,1098,1840,1500,1197,1059,1129,1268,1122,441,592,272,370,524,379,308,280
"140",11368,"male",4752,3924,3385,2161,1796,1057,1131,3917,6679,6123,5249,4385,3586,2966,2256,729,960,502,683,883,562,415,320
"141",11369,"male",1379,1176,1209,908,684,348,369,997,1733,1539,1454,1446,1380,1203,1062,342,435,202,318,453,262,196,190
"142",11370,"male",855,868,835,875,1194,664,657,1875,2753,2498,2148,2297,2103,1582,1077,336,430,217,255,348,328,205,139
"143",11372,"male",2051,1770,1538,975,761,473,475,1613,3004,3217,3210,2913,2632,2316,1974,646,892,512,606,813,565,414,313
"144",11373,"male",3255,2917,2546,1724,1287,766,782,2819,5280,4763,4511,4059,3891,3330,2731,997,1247,659,799,1185,789,503,335
"145",11374,"male",1188,989,858,613,417,212,208,767,1596,1753,1573,1450,1478,1537,1462,563,762,365,472,766,550,481,404
"146",11375,"male",1990,1537,1249,810,486,248,248,979,2367,2810,2856,2347,2320,2274,2150,862,1152,551,821,1235,931,723,776
"147",11377,"male",2626,2511,2274,1454,1061,612,623,2439,4614,4525,4173,3764,3396,2992,2314,814,1075,588,753,1027,756,490,353
"148",11378,"male",1186,1044,987,578,405,210,202,702,1296,1469,1419,1385,1251,1256,1017,386,434,272,308,398,358,293,268
"149",11379,"male",927,934,867,548,318,190,166,581,1099,1185,1221,1316,1299,1287,1191,380,562,276,437,590,485,406,264
"150",11385,"male",3318,3101,3131,2006,1362,726,691,2328,4434,4334,3881,3688,3465,3274,2659,917,1169,628,735,1026,779,503,355
"151",11411,"male",473,521,529,391,238,123,109,318,507,501,527,561,648,619,517,213,280,181,233,366,211,141,101
"152",11412,"male",979,1024,1168,826,529,268,273,783,1038,941,986,1055,1195,1174,915,342,417,243,291,404,297,218,223
"153",11413,"male",1005,1193,1314,958,573,312,294,812,1199,1129,1001,1240,1358,1326,1037,403,506,295,371,577,371,248,145
"154",11414,"male",652,700,653,405,257,126,131,389,691,794,824,905,867,936,823,349,507,281,341,519,511,354,280
"155",11415,"male",589,462,455,289,183,103,101,347,774,940,788,734,648,669,558,214,324,153,191,240,196,140,157
"156",11416,"male",864,886,950,654,442,235,223,675,921,901,885,992,919,848,620,218,264,160,180,223,123,88,98
"157",11417,"male",859,929,989,665,419,229,206,656,1009,961,977,1153,1096,1143,820,309,397,172,246,286,204,159,124
"158",11418,"male",1260,1185,1241,789,543,276,306,843,1579,1472,1420,1313,1375,1315,1026,350,440,236,300,362,238,171,132
"159",11419,"male",1487,1487,1666,1154,808,406,408,1176,1841,1581,1654,1762,1935,1893,1494,471,596,301,414,450,319,130,124
"160",11420,"male",1242,1499,1556,1072,641,392,350,1039,1552,1455,1469,1711,1734,1617,1316,404,591,264,410,480,285,238,140
"161",11421,"male",1286,1276,1369,914,613,339,327,897,1495,1462,1432,1491,1491,1340,1137,431,468,231,338,403,244,177,151
"162",11422,"male",908,1032,1100,737,514,239,256,650,926,847,833,874,1100,1053,914,297,406,220,255,272,165,123,94
"163",11423,"male",836,816,972,649,421,233,212,640,1026,948,933,997,1078,1067,980,348,407,249,303,431,250,207,157
"164",11426,"male",426,505,570,374,238,131,111,346,577,541,504,550,652,791,716,231,296,145,183,240,172,117,126
"165",11427,"male",664,669,707,419,271,154,151,464,803,760,743,803,882,931,862,297,448,189,288,320,238,183,174
"166",11428,"male",606,552,625,426,276,149,146,410,689,680,626,675,713,682,608,247,311,159,200,243,126,82,58
"167",11429,"male",756,703,783,596,413,205,198,527,830,727,722,796,873,871,705,237,336,187,245,347,242,148,104
"168",11432,"male",1880,1750,1625,1114,1509,632,544,1566,2317,2246,2176,2177,2110,2109,1741,635,821,494,559,757,525,391,310
"169",11433,"male",1157,1177,1226,839,561,298,264,718,1131,972,860,993,1034,967,763,292,293,172,258,357,244,140,103
"170",11434,"male",1843,1803,1975,1395,927,434,411,1197,1741,1574,1527,1782,1927,1784,1478,571,732,376,507,629,481,344,391
"171",11435,"male",1901,1625,1588,1161,805,414,399,1324,2309,2293,1987,2029,1904,1744,1469,496,650,360,431,513,418,292,241
"172",11436,"male",586,620,624,449,292,151,119,381,644,564,510,586,655,642,466,168,203,98,138,171,129,110,73
"173",11691,"male",2788,2389,2334,1497,1016,463,430,1226,2031,1774,1638,1536,1633,1671,1486,531,691,377,503,805,580,423,338
"174",11692,"male",765,746,775,460,290,169,180,331,559,525,500,539,602,509,422,150,207,98,171,202,121,90,54
"175",11693,"male",364,373,401,283,154,86,82,203,337,369,370,394,427,454,392,152,144,100,118,144,92,67,35
"176",11694,"male",509,566,577,447,262,113,85,328,538,489,599,632,792,887,891,276,380,227,296,382,274,224,188
"177",11697,"male",94,109,122,83,30,12,15,58,74,83,80,122,138,147,158,58,96,58,68,92,86,52,51
"178",10001,"female",288,218,248,131,878,296,324,1137,1432,945,701,560,537,582,539,219,322,202,254,310,269,212,314
"179",10002,"female",1713,1841,1777,1111,853,549,576,2226,3809,3224,2835,2713,2798,2903,2872,1231,1500,794,1058,1801,1635,1425,1596
"180",10003,"female",716,434,395,264,3319,1239,979,2393,4425,3071,1992,1412,1228,1363,1443,596,838,428,539,733,546,419,502
"181",10004,"female",91,44,37,19,10,11,11,139,289,246,170,135,72,61,60,19,24,10,13,9,3,5,1
"182",10005,"female",136,41,24,12,40,61,94,718,1117,620,324,179,119,58,77,14,25,12,9,3,2,4,3
"183",10006,"female",44,13,17,8,6,39,66,249,438,246,163,72,38,45,20,11,9,1,3,3,0,1,0
"184",10007,"female",328,161,71,39,28,29,32,139,367,538,443,278,179,128,113,46,41,17,21,12,9,4,7
"185",10009,"female",1033,931,1009,691,550,548,722,3038,4797,2862,2078,1908,2065,2045,2028,763,982,592,790,1083,789,705,905
"186",10010,"female",507,341,240,159,750,595,447,1670,2941,1805,1205,861,742,735,765,344,553,310,406,510,374,312,507
"187",10011,"female",885,579,423,303,818,322,269,1404,3588,3108,2111,1741,1585,1461,1466,569,890,483,653,744,578,496,510
"188",10012,"female",391,280,221,131,155,215,232,1296,2270,1286,939,695,611,664,667,269,405,200,267,343,273,194,246
"189",10013,"female",781,566,436,251,222,338,304,758,1424,1247,1127,997,848,838,896,395,445,194,267,369,349,360,337
"190",10014,"female",514,405,244,168,157,184,177,1115,2834,2269,1443,1085,965,900,937,371,539,289,420,434,328,305,245
"191",10016,"female",859,484,349,198,373,494,541,3964,6046,3275,2114,1521,1344,1305,1440,615,890,456,628,840,646,491,496
"192",10017,"female",240,124,118,55,33,42,58,740,1496,1064,731,588,529,576,633,236,382,209,260,359,214,205,198
"193",10018,"female",65,58,38,28,36,72,67,264,529,290,206,157,142,108,120,26,57,38,40,48,20,10,15
"194",10019,"female",761,383,332,218,233,164,204,1684,3466,2696,1811,1430,1209,1178,1196,498,661,449,533,784,607,480,514
"195",10021,"female",1088,741,575,297,153,94,115,1087,3080,2690,1892,1540,1405,1428,1474,709,1067,636,903,1147,913,760,943
"196",10022,"female",631,394,263,149,372,107,75,801,2039,1597,1213,998,991,1050,1207,527,886,529,721,972,719,603,593
"197",10023,"female",1602,959,791,503,689,331,297,1348,3492,3524,2857,2412,2042,2026,2106,897,1286,768,1162,1319,1008,911,1090
"198",10024,"female",1678,1280,1046,592,233,172,167,1267,3134,2856,2599,2379,2175,2143,2166,925,1403,771,1007,1198,941,767,948
"199",10025,"female",2226,1789,1762,1095,1000,1020,1061,3142,5147,3886,3373,3298,3214,3361,3374,1338,2003,1222,1531,1918,1557,1289,1703
"200",10026,"female",1050,963,930,617,440,228,246,947,1787,1576,1553,1466,1366,1232,954,338,445,250,351,482,362,264,279
"201",10027,"female",1634,1409,1444,1020,2145,878,863,2528,3561,2607,2019,1994,1993,1732,1610,572,677,397,581,832,647,515,584
"202",10028,"female",1071,929,813,432,218,134,121,1423,3253,2476,1901,1703,1538,1517,1579,735,1072,625,805,976,744,556,559
"203",10029,"female",2145,2226,2311,1674,1333,675,658,2219,3605,3037,2622,2784,2635,2681,2255,849,1236,702,1005,1510,1151,930,952
"204",10030,"female",875,772,869,618,422,255,227,782,1352,1192,1009,1088,1124,988,751,261,360,172,290,375,283,182,192
"205",10031,"female",1500,1349,1528,1041,814,493,474,1790,2982,2267,1903,1910,1998,1894,1687,668,808,482,645,976,648,569,521
"206",10032,"female",1421,1361,1454,1063,755,450,474,2091,2857,2160,1836,1863,1929,1974,1865,724,886,513,756,1097,805,654,684
"207",10033,"female",1470,1247,1346,954,696,379,440,1638,2418,2048,1836,1812,1842,1883,1855,720,904,453,641,963,726,578,616
"208",10034,"female",1121,1001,1088,734,507,298,277,1049,1751,1670,1522,1506,1491,1474,1427,503,628,316,462,638,453,361,371
"209",10035,"female",1000,944,984,747,509,272,261,840,1462,1320,1214,1186,1194,1147,846,314,415,267,362,541,433,325,372
"210",10036,"female",295,213,178,127,161,116,123,985,1992,1360,843,690,661,656,699,246,326,178,203,283,206,201,183
"211",10037,"female",461,395,420,333,226,121,121,428,814,762,657,720,708,674,660,238,342,213,334,414,342,289,437
"212",10038,"female",351,271,256,193,684,257,272,1036,1618,942,641,530,489,457,562,224,309,151,199,384,325,349,390
"213",10039,"female",799,824,838,599,371,220,190,610,1087,1110,939,986,954,871,673,263,367,225,316,418,327,256,292
"214",10040,"female",1212,1136,1135,817,560,305,319,1155,1911,1695,1549,1510,1433,1544,1460,534,705,366,518,775,587,568,785
"215",10044,"female",290,244,215,171,107,66,57,270,582,555,455,382,406,432,385,159,202,135,148,158,201,145,186
"216",10065,"female",891,473,368,209,102,69,85,988,2273,1891,1421,1113,981,1028,1082,516,779,473,662,775,602,502,627
"217",10069,"female",237,124,69,25,13,16,20,101,325,421,369,258,164,168,114,40,57,42,62,60,27,24,12
"218",10075,"female",635,500,448,217,93,44,90,816,1860,1464,1116,1001,862,876,909,432,641,370,516,651,472,397,506
"219",10128,"female",1505,1186,1118,647,326,230,225,2102,4716,3487,2533,2328,2036,2022,2053,829,1279,674,928,1119,863,672,699
"220",10280,"female",299,173,129,78,29,11,23,170,473,566,442,377,316,289,215,97,108,46,55,67,44,34,26
"221",10282,"female",334,123,62,23,13,7,3,71,270,466,368,217,101,62,72,20,26,12,7,29,18,35,113
"222",10301,"female",1137,1246,1160,784,880,433,436,892,1366,1362,1281,1402,1471,1386,1295,482,625,370,441,592,499,428,459
"223",10302,"female",713,699,662,450,298,133,134,406,674,658,631,724,658,589,520,220,261,128,174,256,184,148,163
"224",10303,"female",993,1047,1110,700,445,236,219,583,912,987,1075,1083,1015,925,762,253,310,160,209,237,166,138,147
"225",10304,"female",1399,1417,1486,921,560,309,269,850,1525,1394,1439,1497,1701,1625,1409,508,597,318,475,653,516,491,628
"226",10305,"female",1174,1216,1214,773,551,283,288,785,1427,1500,1402,1537,1629,1779,1442,550,719,393,504,709,607,476,499
"227",10306,"female",1440,1517,1646,1079,655,338,344,986,1589,1698,1772,2222,2376,2433,1959,804,1045,635,746,1108,1041,843,945
"228",10307,"female",376,532,555,351,150,84,75,249,396,403,530,656,635,550,441,164,201,123,137,147,144,124,92
"229",10308,"female",695,771,837,538,321,142,157,451,752,820,894,1026,1193,1180,994,422,537,350,428,539,453,304,265
"230",10309,"female",965,1099,1050,653,401,183,211,590,920,1035,1212,1392,1297,1273,1069,363,525,282,360,437,357,256,237
"231",10310,"female",919,965,888,648,342,181,188,484,797,902,872,913,992,948,774,282,356,158,265,315,241,254,220
"232",10312,"female",1582,1769,1866,1201,690,356,348,1129,1735,1790,2108,2273,2376,2438,2319,914,1339,661,843,924,740,586,541
"233",10314,"female",2362,2415,2429,1650,1003,496,472,1660,2645,2783,2885,2997,3230,3459,3366,1296,1798,971,1172,1586,1205,1171,1320
"234",10451,"female",1649,1618,1658,1216,801,399,424,1115,1782,1684,1673,1614,1728,1613,1361,545,731,462,621,873,667,499,413
"235",10452,"female",3218,3039,2964,1926,1336,683,630,1969,3197,3014,2729,2966,2906,2439,1921,728,903,521,667,833,598,334,290
"236",10453,"female",3234,3124,3080,2128,1534,777,706,2035,3274,3040,2786,3004,3144,2851,2216,760,914,496,639,847,553,355,288
"237",10454,"female",1548,1484,1524,1009,704,336,333,1015,1482,1438,1267,1274,1366,1090,884,316,472,309,384,550,389,231,208
"238",10455,"female",1624,1590,1535,1064,680,328,371,999,1787,1543,1404,1414,1375,1275,919,338,513,322,357,554,438,251,205
"239",10456,"female",3643,3545,3629,2442,1596,789,734,2187,3493,3280,3182,3265,3356,2834,2290,756,1061,542,781,1080,781,501,495
"240",10457,"female",3063,2927,2799,1968,1323,672,616,1871,3174,2703,2522,2603,2581,2384,1765,554,881,452,601,766,603,412,419
"241",10458,"female",3268,3013,2806,1951,1981,1065,958,2208,3458,3182,2791,2752,2781,2405,1875,598,833,432,601,747,575,399,381
"242",10459,"female",1996,1924,1981,1247,811,476,388,1238,2055,1854,1625,1731,1757,1453,1191,414,509,311,448,629,449,320,268
"243",10460,"female",2425,2270,2345,1559,1101,490,486,1397,2386,2212,2196,2207,2173,1850,1408,498,704,443,581,829,581,393,281
"244",10461,"female",1481,1352,1333,874,546,282,256,1157,2280,2186,1761,1748,1824,1832,1551,569,823,470,620,931,834,850,882
"245",10462,"female",2598,2459,2339,1489,1009,487,510,1724,3530,3378,2964,2897,3000,2794,2374,891,1166,593,809,1052,914,623,709
"246",10463,"female",2070,1768,1705,1201,723,532,569,1407,2635,2672,2404,2456,2497,2465,2434,928,1385,736,1041,1477,1188,1228,1802
"247",10464,"female",75,82,129,75,38,22,14,56,81,119,147,164,197,184,192,88,125,54,102,113,85,92,92
"248",10465,"female",1091,1214,1218,802,516,297,239,766,1270,1501,1473,1637,1699,1510,1448,571,729,407,570,880,760,633,813
"249",10466,"female",2200,2282,2462,1740,1068,538,566,1620,2593,2473,2450,2831,2924,2837,2319,811,1123,652,796,1067,795,590,616
"250",10467,"female",3759,3400,3319,2166,1482,779,745,2369,4388,4064,3588,3661,3707,3386,2740,967,1239,775,967,1357,1091,865,928
"251",10468,"female",2971,2657,2619,1889,1305,700,693,1934,3312,3006,2659,2917,2842,2629,2270,759,955,476,683,923,641,569,797
"252",10469,"female",2023,2114,2131,1601,995,538,513,1466,2326,2336,2298,2595,2845,2542,2195,824,1130,610,826,1160,1109,904,1128
"253",10470,"female",467,417,450,274,181,91,106,333,791,624,584,609,560,502,450,131,217,141,211,310,269,206,233
"254",10471,"female",578,473,459,318,617,255,211,337,651,710,742,714,695,832,867,312,440,247,380,520,531,605,1156
"255",10472,"female",2554,2519,2477,1613,1097,586,567,1665,2699,2514,2346,2298,2337,2105,1747,724,835,499,667,925,681,499,496
"256",10473,"female",1886,1982,2217,1660,1094,526,421,1261,1999,1998,2095,2372,2432,2191,1893,808,1077,654,868,1079,795,579,474
"257",10474,"female",546,480,480,307,216,109,113,306,515,456,427,418,407,297,246,76,122,74,83,115,82,58,48
"258",10475,"female",947,928,1106,730,469,238,224,704,1083,1193,1327,1587,1939,1877,1798,703,1026,633,938,1239,1057,920,1007
"259",11004,"female",270,261,310,230,160,75,74,226,513,512,413,443,548,533,579,197,296,142,238,309,281,341,528
"260",11101,"female",728,591,626,453,286,149,158,654,1479,1371,1030,954,826,773,691,257,326,203,253,348,231,198,157
"261",11102,"female",837,797,762,534,304,196,194,1053,2444,1829,1377,1140,976,914,822,302,428,240,314,470,409,347,404
"262",11103,"female",838,713,727,474,294,168,237,1412,3154,2230,1639,1300,1106,1059,916,383,448,254,352,566,436,364,335
"263",11104,"female",759,555,544,287,212,136,157,653,1558,1512,1287,1024,824,887,881,316,452,248,290,458,327,289,331
"264",11105,"female",786,690,680,390,285,170,173,1170,2745,2109,1426,1253,1066,1088,988,346,511,288,371,697,569,506,500
"265",11106,"female",903,791,783,495,329,189,204,1201,2760,2124,1549,1293,1205,1171,1036,428,573,307,457,616,536,510,511
"266",11109,"female",70,21,8,8,2,10,10,121,472,343,177,87,68,43,50,20,23,9,17,10,6,5,4
"267",11201,"female",1510,840,779,468,868,367,298,1130,3078,3476,2625,2103,1585,1463,1362,546,804,432,543,683,555,532,597
"268",11203,"female",2109,2106,2365,1540,1017,598,559,1762,2898,2811,2748,2747,3096,3408,3025,1028,1517,982,1273,1788,1236,896,822
"269",11204,"female",3068,2851,2678,1623,1060,520,544,1715,2867,2631,2377,2295,2544,2581,2339,917,1155,537,811,1235,1076,1061,1135
"270",11205,"female",1921,1421,1204,638,1020,525,483,1313,2446,2246,1639,1248,1054,911,838,372,447,263,349,435,298,235,231
"271",11206,"female",3236,3225,3043,1868,1313,709,740,2698,4463,3358,2604,2490,2520,2235,1882,770,1059,615,866,1164,867,599,498
"272",11207,"female",3563,3414,3546,2519,1654,872,893,2557,4045,3585,3336,3714,3800,3396,2583,1000,1289,780,974,1309,980,681,582
"273",11208,"female",3529,3704,3828,2574,1702,841,822,2379,3857,3417,3433,3724,3761,3186,2733,930,1184,693,883,1118,812,530,451
"274",11209,"female",1952,1640,1564,937,582,278,338,1343,3333,3032,2782,2443,2363,2520,2369,896,1176,657,854,1321,1129,1090,1075
"275",11210,"female",2164,2203,2398,1490,986,442,473,1390,2344,2236,2303,2170,2255,2371,2197,852,1029,573,731,956,687,565,577
"276",11211,"female",4244,2990,2635,1747,1175,660,703,3326,6465,4672,2916,2177,1936,1886,2015,722,913,404,652,1011,774,808,764
"277",11212,"female",3139,3061,3330,2371,1505,771,734,2216,3434,3328,3312,3396,3565,3486,2675,975,1335,798,989,1354,956,673,569
"278",11213,"female",2337,2140,2333,1513,1005,533,560,1820,2739,2424,2264,2415,2473,2415,1965,768,998,543,712,969,791,598,630
"279",11214,"female",2480,2367,2303,1466,941,518,593,1847,3276,3243,3059,2961,3147,3132,3100,1232,1540,743,1048,1756,1538,1415,1667
"280",11215,"female",2131,1527,1207,730,335,164,218,1439,4561,4418,3465,2577,2102,1924,1845,658,890,431,529,682,541,452,579
"281",11216,"female",1506,1359,1421,988,728,431,396,1855,3273,2704,2160,2116,2029,2046,1596,554,750,440,539,797,582,437,492
"282",11217,"female",1108,675,630,417,213,131,133,896,2589,2852,1985,1408,1209,1018,971,403,531,301,400,472,292,247,312
"283",11218,"female",2972,2736,2451,1484,919,424,473,1698,3249,3093,2990,2384,2271,2351,2082,808,1016,525,650,961,750,668,795
"284",11219,"female",5543,4413,3725,2017,1315,714,666,2242,3660,3110,2601,2056,2174,2270,2252,955,957,380,608,982,876,1152,1461
"285",11220,"female",3603,3215,2818,1832,1314,735,711,2579,4818,4190,3666,3426,3365,3042,2628,964,1196,629,855,1225,1010,727,742
"286",11221,"female",2740,2591,2769,1941,1259,654,653,2228,3788,3369,2909,2864,3002,2644,2192,755,1029,597,755,1110,771,583,487
"287",11222,"female",591,533,522,344,238,156,196,1241,3339,2550,1505,1125,913,1115,1034,410,473,271,328,525,379,345,386
"288",11223,"female",2582,2368,2372,1466,1015,505,544,1851,3015,2518,2592,2380,2821,2742,2644,1066,1364,617,931,1570,1282,1148,1154
"289",11224,"female",1156,1230,1324,1021,653,324,290,932,1310,1269,1367,1409,1697,1845,1933,905,1277,495,827,1681,1155,1103,1298
"290",11225,"female",1766,1594,1670,1055,734,405,404,1582,2882,2504,2202,2090,2138,2348,2103,770,1031,602,753,989,742,574,475
"291",11226,"female",3483,3202,3236,2137,1469,792,803,2627,4719,4285,4034,3830,4136,4301,3769,1311,1811,954,1102,1557,1071,761,729
"292",11228,"female",1077,1081,1207,700,424,238,240,748,1420,1490,1491,1576,1648,1504,1475,613,700,396,555,738,747,682,825
"293",11229,"female",2339,2178,2267,1475,1005,503,536,1609,2712,2542,2562,2598,2929,3158,3022,1298,1628,723,1028,1762,1278,1375,1518
"294",11230,"female",3460,2952,2942,1880,1199,645,678,2102,3292,2808,2492,2397,2490,2732,2718,1035,1469,657,900,1548,1284,1319,1472
"295",11231,"female",1165,905,729,425,270,127,163,617,1991,2264,1824,1484,1224,1015,878,300,439,237,313,429,367,275,311
"296",11232,"female",1001,818,706,516,317,195,178,811,1548,1298,935,898,800,712,602,222,246,124,162,268,183,168,119
"297",11233,"female",2541,2350,2531,1697,1151,529,557,1739,3122,2869,2719,2736,2805,2449,1962,676,945,487,761,961,717,500,465
"298",11234,"female",2625,2773,2844,1830,1224,582,582,1824,2882,2866,3091,3236,3598,3881,3452,1417,1685,912,1108,1564,1292,1118,1142
"299",11235,"female",1913,1699,1617,1087,734,387,455,1586,2746,2484,2440,2372,2675,3120,3219,1379,1940,625,1176,2263,1657,1830,2262
"300",11236,"female",2766,2996,3245,2264,1482,751,727,2165,3605,3533,3517,3862,4253,4308,3813,1299,1611,977,1171,1515,1088,894,796
"301",11237,"female",1797,1647,1489,989,749,411,405,1680,2852,2225,1842,1552,1438,1225,1035,371,472,261,346,411,329,227,194
"302",11238,"female",1349,912,841,555,320,206,276,1468,3755,3523,2595,1989,1618,1433,1310,502,717,410,508,782,566,466,494
"303",11239,"female",317,319,390,262,207,114,105,233,415,481,448,502,525,556,498,239,325,187,308,619,437,380,320
"304",11354,"female",1165,1102,1008,788,536,296,341,1054,2095,2050,2015,2066,2297,2464,2094,810,1089,573,841,1182,1012,943,1402
"305",11355,"female",2029,1941,1800,1299,885,604,566,1891,3460,3203,3343,3517,3884,3638,3132,1166,1321,749,1059,1593,1202,1073,1083
"306",11356,"female",768,676,705,444,283,183,162,508,867,991,922,883,871,912,772,275,359,138,248,352,271,210,214
"307",11357,"female",935,955,1023,614,355,189,182,604,1111,1260,1280,1450,1455,1505,1523,628,808,469,701,1003,776,827,923
"308",11358,"female",888,860,899,638,399,224,219,700,1366,1439,1369,1391,1540,1635,1479,507,659,366,522,665,571,483,507
"309",11360,"female",396,354,343,260,152,71,73,209,430,606,575,640,701,808,829,348,551,251,390,588,595,568,565
"310",11361,"female",694,647,636,518,291,152,152,508,1104,1092,1061,1089,1261,1208,1048,381,452,278,344,522,479,420,582
"311",11362,"female",381,457,450,279,149,82,78,274,456,497,655,622,726,722,787,331,375,224,276,423,348,366,415
"312",11363,"female",146,202,230,136,65,19,41,96,142,174,203,281,318,309,314,111,149,80,131,165,137,129,88
"313",11364,"female",709,849,1026,636,330,159,165,527,929,1098,1251,1404,1545,1541,1458,544,690,392,483,675,586,567,659
"314",11365,"female",1168,1155,1157,769,517,245,263,942,1514,1412,1471,1600,1730,1713,1586,576,774,389,502,710,646,629,863
"315",11366,"female",342,346,351,251,162,110,107,336,466,420,426,407,479,556,531,251,261,125,193,264,193,202,230
"316",11367,"female",1628,1215,1069,682,620,358,368,1067,1827,1545,1279,1220,1423,1446,1383,528,708,338,468,671,541,558,546
"317",11368,"female",4458,3740,3003,1977,1461,789,820,2749,5134,4615,4115,3516,3221,2885,2347,930,1096,612,753,1060,821,701,707
"318",11369,"female",1264,1147,1174,791,580,278,292,918,1510,1365,1307,1403,1403,1339,1136,422,552,257,428,534,442,346,442
"319",11370,"female",896,767,788,535,389,225,199,621,1200,1280,1165,1222,1149,1120,836,314,397,212,306,502,436,326,264
"320",11372,"female",2061,1672,1626,947,723,365,411,1263,2528,2789,2716,2353,2279,2191,2179,757,1081,597,834,1149,886,767,779
"321",11373,"female",2979,2717,2513,1541,1087,656,707,2414,4726,4344,3839,3624,3546,3474,3097,1156,1370,757,1006,1504,1070,804,714
"322",11374,"female",1068,888,824,518,362,176,208,836,1853,1896,1721,1491,1606,1753,1799,695,940,469,663,1019,768,745,838
"323",11375,"female",1863,1397,1201,724,421,280,242,1164,2770,3233,2943,2549,2547,2711,2619,1035,1539,732,1145,1548,1342,1369,1637
"324",11377,"female",2488,2315,2212,1398,910,538,545,2071,4239,4219,3480,3310,3086,2975,2564,1047,1288,733,996,1371,1069,837,905
"325",11378,"female",1078,997,936,596,390,215,206,688,1398,1399,1361,1285,1254,1326,1115,448,530,293,356,562,465,435,524
"326",11379,"female",884,871,839,507,340,168,189,581,1207,1271,1210,1272,1347,1460,1314,477,663,364,534,787,738,591,678
"327",11385,"female",3216,2922,2896,1951,1271,674,666,2285,4439,4269,3742,3628,3552,3538,2892,971,1355,674,960,1335,1172,843,831
"328",11411,"female",448,479,528,424,244,121,141,422,554,593,630,722,821,763,712,271,394,304,379,517,318,251,212
"329",11412,"female",977,1082,1205,850,523,316,265,798,1163,1202,1198,1398,1619,1499,1172,424,602,356,482,622,580,504,456
"330",11413,"female",1043,1163,1338,875,558,298,312,833,1278,1302,1314,1608,1792,1659,1375,520,723,449,644,797,612,399,353
"331",11414,"female",604,616,624,408,263,134,125,392,756,886,785,875,941,1090,968,427,598,339,510,741,600,604,567
"332",11415,"female",555,458,393,242,190,72,103,393,959,954,789,667,696,693,684,271,347,201,220,328,285,255,331
"333",11416,"female",804,794,865,607,400,208,184,639,975,936,902,948,989,845,644,229,313,146,241,255,205,160,203
"334",11417,"female",933,867,981,658,443,215,208,598,1101,1031,1088,1208,1176,1152,881,349,418,206,298,361,297,250,240
"335",11418,"female",1222,1172,1153,750,495,276,275,784,1463,1361,1342,1359,1319,1293,1063,397,470,245,342,465,323,224,291
"336",11419,"female",1403,1391,1573,1127,700,369,375,1123,1758,1608,1678,1938,2060,1762,1392,530,597,350,498,609,341,252,220
"337",11420,"female",1315,1374,1531,1052,663,417,340,962,1654,1484,1591,1772,1907,1774,1391,444,642,329,508,621,447,337,342
"338",11421,"female",1185,1162,1309,817,579,323,258,922,1547,1361,1437,1525,1538,1452,1221,424,568,339,400,481,336,299,332
"339",11422,"female",843,946,1057,746,465,242,234,694,1162,1119,1127,1310,1447,1346,1079,370,516,286,333,469,342,250,227
"340",11423,"female",796,824,878,609,421,247,213,673,1104,1021,1003,1124,1263,1266,1097,402,586,310,422,519,405,328,316
"341",11426,"female",418,443,488,353,253,126,107,353,584,571,532,657,693,791,687,236,335,162,246,270,224,221,298
"342",11427,"female",603,584,671,429,263,164,184,467,796,830,771,865,952,1041,881,322,462,264,311,368,289,299,357
"343",11428,"female",532,545,594,380,256,154,152,438,692,744,592,694,752,847,707,280,342,166,242,282,202,146,140
"344",11429,"female",679,701,822,580,411,235,175,569,968,816,827,963,1067,1047,901,302,405,274,404,527,370,266,245
"345",11432,"female",1786,1706,1676,1077,1592,620,544,1351,2148,2281,2041,2007,2029,2115,1886,697,913,542,721,982,693,579,835
"346",11433,"female",1048,1117,1226,818,500,278,266,792,1335,1141,1259,1213,1260,1254,1001,343,470,283,430,607,484,371,372
"347",11434,"female",1897,1858,2003,1395,881,481,444,1336,2177,2074,2071,2346,2686,2557,2119,863,1095,695,831,1181,890,723,697
"348",11435,"female",1739,1577,1584,1048,646,382,385,1319,2335,2318,2061,1987,1891,1822,1641,602,756,408,573,762,623,431,444
"349",11436,"female",547,624,664,423,285,151,132,428,608,668,638,688,792,738,576,184,208,158,202,283,196,205,172
"350",11691,"female",2626,2369,2234,1455,883,472,435,1391,2250,2216,1984,2056,2007,1885,1788,598,840,511,627,1068,819,679,682
"351",11692,"female",728,679,704,448,325,148,166,431,698,770,744,757,727,635,521,219,254,146,195,294,184,163,139
"352",11693,"female",358,370,357,298,161,82,81,211,416,435,449,449,533,505,452,167,220,115,160,212,124,116,104
"353",11694,"female",536,556,565,341,187,101,90,311,536,535,631,733,857,852,790,358,379,222,312,422,382,382,368
"354",11697,"female",96,118,100,77,32,14,16,57,84,73,99,123,172,188,177,76,114,77,88,133,96,89,94
